제품명,정가,세일가
celimax Jiwoogae Heartleaf BHA Peeling Pad 60pcs (22AD),"
 USD 17.50 ","
 USD 14.87 (15% OFF)"
SKIN1004 Madagascar Centella Toning Toner 210ml,"
 USD 20.00 ","
 USD 14.00 (30% OFF)"
ROUND LAB 1025 Dokdo Toner 200ml,"
 USD 17.00 ","
 USD 13.60 (20% OFF)"
SKIN1004 Madagascar Centella Probio-Cica Essense Toner 210ml,"
 USD 24.00 ","
 USD 14.40 (40% OFF)"
SKIN1004 Madagascar Centella Poremizing Clear Toner 210ml,"
 USD 21.00 ","
 USD 17.85 (15% OFF)"
haruharu wonder Black Rice Hyaluronic Toner 150ml (Fragrance Free),"
 USD 22.00 ","
 USD 15.40 (30% OFF)"
COSRX Full Fit Propolis Synergy Toner 150ml,"
 USD 22.00 ","
 USD 17.60 (20% OFF)"
EQQUALBERRY Swimming Pool Toner 155ml,"
 USD 17.50 ","
 USD 14.00 (20% OFF)"
ROUND LAB 1025 Dokdo Toner 100ml,"
 USD 13.00 ","
 USD 9.10 (30% OFF)"
celimax The Real Noni Moisture Balancing Toner 150ml,"
 USD 25.00 ","
 USD 17.50 (30% OFF)"
numbuzin No.5 Vitamin-Niacinamide Concentrated Pad 180ml (70 Pads),"
 USD 26.00 ","
 USD 20.80 (20% OFF)"
SKIN1004 Madagascar Centella Tone Brightening Boosting Toner 210ml,"
 USD 24.00 ","
 USD 14.40 (40% OFF)"
COSRX AHA/BHA CLARIFYING TREATMENT TONER 150ml,"
 USD 20.00 ","
 USD 14.00 (30% OFF)"
celimax Pore+Dark Spot Brightening Pad 40pads,"
 USD 20.00 ","
 USD 17.00 (15% OFF)"
celimax Dual Barrier Creamy Toner 150ml,"
 USD 24.00 ","
 USD 16.80 (30% OFF)"
SKIN1004 Madagascar Centella Tea-Trica Purifying Toner 210ml,"
 USD 20.00 ","
 USD 15.00 (25% OFF)"
APLB Glutathione Niacinamide Toner Pad 60pads,"
 USD 16.40 ","
 USD 9.80 (40% OFF)"
COSRX BHA BLACKHEAD POWER LIQUID 100 ML,"
 USD 25.00 ","
 USD 20.00 (20% OFF)"
celimax The Real Noni Energy Ampoule Mist 50ml,"
 USD 16.00 ","
 USD 13.60 (15% OFF)"
COSRX Hydrium Watery Toner 50ml,"
 USD 9.00 ","
 USD 7.20 (20% OFF)"
Anua HEARTLEAF 77% SOOTHING TONER 40ml,"
 USD 9.00 ","
 USD 7.65 (15% OFF)"
numbuzin No.1 Pure-Full Calming Herb Toner 300ml,"
 USD 24.00 ","
 USD 19.20 (20% OFF)"
SOME BY MI AHA BHA PHA 30 Days Miracle Toner 150ml,"
 USD 22.57 ","
 USD 15.80 (30% OFF)"
SKIN1004 Madagascar Centella Hyalu-Cica Cloudy Mist 120ml,"
 USD 22.00 ","
 USD 12.10 (45% OFF)"
I'M FROM Rice Toner 150ml,"
 USD 28.00 ","
 USD 23.80 (15% OFF)"
SKIN1004 Madagascar Centella Toning Toner 30ml,"
 USD 9.30 ","
 USD 7.90 (15% OFF)"
numbuzin No.1 Centella Re-Leaf Green Toner Pad 190ml (70pad),"
 USD 24.00 ","
 USD 19.20 (20% OFF)"
SKINFOOD Royal Honey Propolis Enrich Cream Mist 120ml,"
 USD 28.30 ","
 USD 12.99 (54% OFF)"
mixsoon Centella Asiatica Toner 150ml,"
 USD 15.00 ","
 USD 12.00 (20% OFF)"
EQQUALBERRY Swimming Pool Toner 300ml,"
 USD 22.00 ","
 USD 17.60 (20% OFF)"
Anua Rice 70 Glow Milky Toner 250ml,"
 USD 25.00 ","
 USD 21.25 (15% OFF)"
Anua Heartleaf 77% Soothing Toner 250ml,"
 USD 23.00 ","
 USD 19.55 (15% OFF)"
Abib Heartleaf Calming Toner Skin Booster 200ml,"
 USD 23.00 ","
 USD 20.70 (10% OFF)"
mixsoon Bean Toner 100ml,"
 USD 12.00 ","
 USD 9.60 (20% OFF)"
SKIN1004 Madagascar Centella Toning Toner 400ml,"
 USD 33.00 ","
 USD 28.05 (15% OFF)"
numbuzin No.5+ Vitamin Boosting Essence Toner 200ml,"
 USD 22.00 ","
 USD 17.60 (20% OFF)"
ROUND LAB 1025 Dokdo Toner 500ml,"
 USD 34.00 ","
 USD 23.80 (30% OFF)"
HAYEJIN RiceFila??Oil Toner 150ml,"
 USD 30.00 ","
 USD 12.99 (57% OFF)"
TIAM Vita B3 Mist Toner 200ml,"
 USD 18.00 ","
 USD 12.60 (30% OFF)"
Isntree Green tea Fresh Toner 200ml,"
 USD 19.90 ","
 USD 15.92 (20% OFF)"
